Management Area,Project Type,Location,Latitude,Longitude,First Year,Last Year,Number of Years,Min Count*,Max Count*,Avg Count*,,,
Kuskokwim,Escapement,George River,61.89778,-157.71028,1996,2021,26,"1,267","7,821",3480,,,
Kuskokwim,Escapement,Goodnews River (Middle Fork),59.129885,-161.464931,1981,2020,39,750,"6,814",3062,,,
Kuskokwim,Escapement,Kanektok River,59.75,-161.93028,1984,2015,20,"1,495","38,243",12781,,,
Kuskokwim,Escapement,Kogrukluk River,60.84945,-157.84972,1969,2021,52,"1,725","21,746",8400,,,
Kuskokwim,Escapement,Kuskokwim River,60.19639,-162.40944,1993,1995,3,"92,618","208,282",137115,,,
Kuskokwim,Escapement,Kuskokwim River Sonar,60.780387,-161.660204,2018,2021,4,"106,764","162,672",131186,,,
Kuskokwim,Escapement,Kwethluk River,60.81389,-161.44889,1992,2021,26,"1,716","28,801",9283,,,
Kuskokwim,Escapement,Salmon River (Aniak),61.065,-159.17944,2006,2021,13,711,"6,901",2570,,,
Kuskokwim,Escapement,Salmon River (Pitka Fork),62.891493,-154.577036,1981,2021,9,511,"8,319",4701,,,
Kuskokwim,Escapement,Takotna River,62.96417,-155.60111,1995,2021,23,21,"1,203",374,,,
Kuskokwim,Escapement,Tatlawiksuk River,61.91917,-156.24306,1998,2017,20,495,"2,860",1692,,,
Kuskokwim,Escapement,Telaquana River,61.0675,-154.40861,2010,2021,12,5,202,78,,,
Kuskokwim,Escapement,Tuluksak River,61.10222,-160.96667,1991,2017,21,198,"2,932",984,,,
Norton Sound/Port Clarence,Escapement,Bonanza River,64.5375,-164.4875,2018,2020,3,8,15,11,,,
Norton Sound/Port Clarence,Escapement,Eldorado River,64.5275,-164.91861,1995,2021,27,0,446,41,,,
Norton Sound/Port Clarence,Escapement,Fish River,64.58639,-163.35528,2014,2021,8,0,"2,299",670,,,
Norton Sound/Port Clarence,Escapement,Inglutalik River,64.83333333,-161.8,2011,2021,11,0,"3,411",1402,,,
Norton Sound/Port Clarence,Escapement,Kwiniuk River,64.69833,-162.03472,1965,2021,42,7,974,344,,,
Norton Sound/Port Clarence,Escapement,Niukluk River,64.8094257,-163.4461663,1995,2011,17,15,542,131,,,
Norton Sound/Port Clarence,Escapement,Nome River,64.48313,-165.30189,1993,2021,29,2,70,23,,,
Norton Sound/Port Clarence,Escapement,North River,63.87611,-160.65722,1972,2021,32,196,"4,185",1501,,,
Norton Sound/Port Clarence,Escapement,Nunavulnak River,63.38919823,-162.3260974,1992,1992,1,247,247,247,,,
Norton Sound/Port Clarence,Escapement,Pikmiktalik River,63.26706842,-162.6037943,1992,2005,4,155,345,250,,,
Norton Sound/Port Clarence,Escapement,Pilgrim River,65.15457884,-165.2212448,1997,2021,22,13,"1,016",205,,,
Norton Sound/Port Clarence,Escapement,Shaktoolik River,64.37028,-161.18028,1996,2021,11,354,"4,524",1675,,,
Norton Sound/Port Clarence,Escapement,Snake River,64.5043644,-165.4234565,1996,2021,26,0,61,17,,,
Norton Sound/Port Clarence,Escapement,Solomon River,64.54694,-164.4175,2015,2021,7,0,11,6,,,
Norton Sound/Port Clarence,Escapement,Unalakleet River,63.87028,-160.78472,2010,2021,12,497,"6,641",1942,,,
Norton Sound/Port Clarence,Escapement,Ungalik River,64.55861,-160.92083,2020,2021,2,135,321,228,,,
Yukon,Escapement,Andreafsky River (East Fork),62.05778,-163.1125,1986,2021,31,"1,148","8,045",3724,,,
Yukon,Escapement,Anvik River,62.68139,-160.20083,1972,1976,5,472,"1,104",720,,,
Yukon,Escapement,Beaver Creek (Downstream Beaver Village),66.21028,-147.55389,1996,2000,4,114,315,187,,,
Yukon,Escapement,Chatanika River,65.08833,-149.29806,1990,2005,9,403,"2,448",967,,,
Yukon,Escapement,Chena River,64.79611,-147.91056,1986,2021,35,502,"13,390",5349,,,
Yukon,Escapement,Eagle Sonar (Yukon/Canadian Border),64.772477,-141.043735,2005,2021,17,"30,725","84,015",56884,,,
Yukon,Escapement,Gisasa River,65.2625,-157.67944,1994,2020,27,"1,083","4,023",2128,,,
Yukon,Escapement,Goodpaster River,64.171224,-145.625755,2004,2020,17,678,"4,107",1972,,,
Yukon,Escapement,Henshaw Creek,66.55333,-152.2225,1999,2021,22,0,"2,391",874,,,
Yukon,Escapement,Kaltag River,64.33472,-158.72278,1994,2005,11,20,241,127,,,
Yukon,Escapement,Koyukuk River (South Fork),66.5825,-151.93667,1996,1999,3,30,"1,580",946,,,
Yukon,Escapement,Nulato River,64.70777,-158.13694,1994,2003,9,756,"4,766",1951,,,
Yukon,Escapement,Pilot Station Sonar,61.951371,-162.855919,1986,2021,34,0,"318,088",161591,,,
Yukon,Escapement,Salcha River,64.46694,-146.97778,1993,2021,28,"2,082","18,404",8335,,,
Yukon,Escapement,Tanana River Sonar,,,2013,2014,2,"15,502","15,502",15502,,,
Yukon,Escapement,Tozitna River,65.13695,-152.41194,2004,2009,6,494,"1,880",1052,,,
Yukon - Canada,Escapement,Big Salmon River,61.881944,-134.916666,2005,2021,16,"1,329","10,071",4828,,,
Yukon - Canada,Escapement,Blind Creek,62.177777,-133.216666,1997,2020,20,157,"1,155",589,,,
Yukon - Canada,Escapement,Klondike River,64.054166,-139.440277,2009,2021,5,406,"5,146",1677,,,
Yukon - Canada,Escapement,Pelly River,62.766666,-137.333333,2016,2021,6,"4,116","9,752",6109,,,
Yukon - Canada,Escapement,Porcupine River (Canadian Portion),67.56805,-139.83334,2014,2021,8,410,"6,337",3322,,,
Yukon - Canada,Escapement,Takhini River,60.841666,-135.183333,2017,2021,3,247,"1,872",1224,,,
Yukon - Canada,Escapement,Teslin River,60.566666,-134.9,2012,2015,4,"3,396","20,191",12753,,,
Yukon - Canada,Escapement,Whitehorse Fishway,60.716666,-135.05,1988,2021,34,216,"2,962",1137,,,
Kotzebue,Aerial Survey,Ikalukrok Creek,67.91666667,-164.666667,1981,1981,1,5,5,5,,,
Kotzebue,Aerial Survey,Kelly River,67.91889,-162.34694,1983,1991,6,1,3,1,,,
Kotzebue,Aerial Survey,Kivalina River,67.81703793,-164.6763296,1981,1984,2,1,8,4,,,
Kotzebue,Aerial Survey,Kobuk River,66.96098671,-160.4035869,1974,1996,6,0,1,0,,,
Kotzebue,Aerial Survey,Noatak River,67.00833,-162.51083,1985,1996,3,2,5,3,,,
Kotzebue,Aerial Survey,Selby Slough,66.848545,-155.685024,1984,1984,1,2,2,2,,,
Kotzebue,Aerial Survey,Squirrel River,66.975,-160.415,1969,1993,8,1,4,1,,,
Kotzebue,Aerial Survey,Tutak Creek,67.66666667,-165.333333,1984,1984,1,4,4,4,,,
Kotzebue,Aerial Survey,Tutuksuk River,67.19020793,-159.3450917,1985,1985,1,4,4,4,,,
Kotzebue,Aerial Survey,Wulik River,68.38333333,-163.8,1983,1991,3,2,15,6,,,
Kuskokwim,Aerial Survey,Aniak River,61.57583,-159.48722,1954,2020,55,21,10094,1693,,,
Kuskokwim,Aerial Survey,Arolik Lake,59.46166,-161.09833,1973,1973,1,1007,1007,1007,,,
Kuskokwim,Aerial Survey,Arolik River,59.695595,-161.87798,1961,2014,13,66,4643,1189,,,
Kuskokwim,Aerial Survey,Babel River,,,2001,2001,1,0,0,0,,,
Kuskokwim,Aerial Survey,Barnum Creek,59.25167,-161.38083,1987,1987,1,9,9,9,,,
Kuskokwim,Aerial Survey,Bear Creek,61.010758,-159.92399,1977,1987,3,0,3,1,,,
Kuskokwim,Aerial Survey,Bear Creek (Pitka Fork),62.85029744,-154.5579998,1975,2020,23,36,1381,305,,,
Kuskokwim,Aerial Survey,Big Creek (Lower),,,2002,2002,1,0,0,0,,,
Kuskokwim,Aerial Survey,Big River,62.96528,-154.87639,1971,1971,1,2,2,2,,,
Kuskokwim,Aerial Survey,Big Salmon Fork,62.95389,-153.935,1976,1977,2,46,203,124,,,
Kuskokwim,Aerial Survey,Big Waldren,,,2002,2002,1,0,0,0,,,
Kuskokwim,Aerial Survey,Bimahyook Creek,60.22389,-166.80361,1993,1993,1,0,0,0,,,
Kuskokwim,Aerial Survey,Blackwater Creek,62.95972,-154.89667,1976,1978,2,34,60,47,,,
Kuskokwim,Aerial Survey,Bonnie Creek,,,2002,2002,1,0,0,0,,,
Kuskokwim,Aerial Survey,Broken Snowshoe Creek,,,2000,2000,1,0,0,0,,,
Kuskokwim,Aerial Survey,Buckstock River,61.35710453,-159.2625666,1960,2005,3,151,939,434,,,
Kuskokwim,Aerial Survey,Can Creek,61.26222,-155.05917,1966,2001,9,4,34,13,,,
Kuskokwim,Aerial Survey,Canyon Creek,,,1987,1987,1,47,47,47,,,
Kuskokwim,Aerial Survey,Canyon Creek (Crooked Creek),60.25277,-160.26,1972,1994,12,1,282,96,,,
Kuskokwim,Aerial Survey,Cheeneetnuk River,61.81361,-156.00556,1968,2020,38,0,1565,601,,,
Kuskokwim,Aerial Survey,Chineekluk Creek,61.35805,-158.28389,1968,1997,10,2,165,39,,,
Kuskokwim,Aerial Survey,Chukowan River,60.85028,-157.85,1961,2018,22,46,3332,940,,,
Kuskokwim,Aerial Survey,Cripple Creek,59.42305,-161.83611,1987,1987,1,6,6,6,,,
Kuskokwim,Aerial Survey,Crooked Creek,61.86805,-158.11667,1975,1975,1,2,2,2,,,
Kuskokwim,Aerial Survey,Dadinowiki Creek,60.200697,-166.865012,1993,1993,1,0,0,0,,,
Kuskokwim,Aerial Survey,Daprakmiut River,60.322692,-166.089865,1993,1993,1,0,0,0,,,
Kuskokwim,Aerial Survey,Dennis Creek,63.16083,-153.53361,1976,1976,1,2,2,2,,,
Kuskokwim,Aerial Survey,Eek River,60.20389,-162.24861,1976,2014,19,1,5374,1149,,,
Kuskokwim,Aerial Survey,Eek River (Middle Fork),60.139797,-161.580487,1975,2014,8,17,3000,528,,,
Kuskokwim,Aerial Survey,Fog River,61.08,-160.67722,1983,1987,2,10,51,30,,,
Kuskokwim,Aerial Survey,Fourth of July Creek,,,2000,2005,5,15,123,71,,,
Kuskokwim,Aerial Survey,Gagaryah River,61.62083,-155.64167,1968,2019,32,19,1296,446,,,
Kuskokwim,Aerial Survey,Gemuk River,60.77555,-158.51417,1961,1974,4,5,66,32,,,
Kuskokwim,Aerial Survey,George River,61.89778,-157.71028,1960,2009,12,28,2123,805,,,
Kuskokwim,Aerial Survey,George River (East Fork),61.99472,-157.60778,1980,2008,6,27,949,313,,,
Kuskokwim,Aerial Survey,George River (North Fork),62.05,-157.58,2001,2009,3,14,30,19,,,
Kuskokwim,Aerial Survey,George River (South Fork),,,2001,2005,2,12,35,23,,,
Kuskokwim,Aerial Survey,Goodnews Lake (North Fork),59.50389,-160.52139,1984,2001,5,0,2520,504,,,
Kuskokwim,Aerial Survey,Goodnews Lakes (Middle Fork),59.40139,-160.5575,1979,1990,6,0,173,56,,,
Kuskokwim,Aerial Survey,Goodnews River (Middle Fork),59.129885,-161.464931,1969,2021,31,6,3056,1205,,,
Kuskokwim,Aerial Survey,Goodnews River (North Fork),59.10694,-161.476536,1960,2021,38,44,8133,1777,,,
Kuskokwim,Aerial Survey,Goodnews River (South Fork),59.12389,-161.47833,1976,1987,5,5,150,70,,,
Kuskokwim,Aerial Survey,Highpower Creek,63.40889,-153.12444,2001,2001,1,0,0,0,,,
Kuskokwim,Aerial Survey,Hoholitna River,61.51055,-156.98556,1975,2005,5,32,180,118,,,
Kuskokwim,Aerial Survey,Hoholitna River (South Fork),60.91,-156.24167,1975,2001,2,15,29,22,,,
Kuskokwim,Aerial Survey,Holitna River,61.6775,-157.16278,1966,2020,41,3,9404,1725,,,
Kuskokwim,Aerial Survey,Holokuk River,61.53695,-158.59417,1960,2020,40,6,1389,255,,,
Kuskokwim,Aerial Survey,Hook Creek,,,2001,2005,2,51,109,80,,,
Kuskokwim,Aerial Survey,Indian Creek (Indian River),59.29056,-161.94583,1975,1987,2,0,2,1,,,
Kuskokwim,Aerial Survey,Jacksmith Creek,59.46528,-161.74056,1987,1987,1,12,12,12,,,
Kuskokwim,Aerial Survey,Jewoak Creek,60.334455,-166.408011,1993,1993,1,0,0,0,,,
Kuskokwim,Aerial Survey,Jones Creek,,,2001,2001,1,3,3,3,,,
Kuskokwim,Aerial Survey,Jones River,62.568937,-153.56017,1977,2001,2,11,50,30,,,
Kuskokwim,Aerial Survey,Kahniruk River,60.307404,-166.616002,1993,1993,1,0,0,0,,,
Kuskokwim,Aerial Survey,Kanektok River,59.75,-161.93028,1960,2021,51,73,30272,5312,,,
Kuskokwim,Aerial Survey,Kanuktik Creek,59.87472,-160.47333,1960,2018,7,2,320,153,,,
Kuskokwim,Aerial Survey,Kasigluk River,60.84528,-161.23472,1974,1997,8,0,155,40,,,
Kuskokwim,Aerial Survey,Kinegnak River,58.81917,-161.67417,1975,1997,5,3,85,25,,,
Kuskokwim,Aerial Survey,Kipchuk River,61.05083,-159.17028,1959,2020,41,16,2483,804,,,
Kuskokwim,Aerial Survey,Kisaralik River,60.85806,-161.23694,1960,2020,43,4,7763,1048,,,
Kuskokwim,Aerial Survey,Kogrukluk River,60.84945,-157.84972,1961,2009,22,50,7952,1963,,,
Kuskokwim,Aerial Survey,Kolmakof River,61.57445,-158.88861,2001,2005,2,0,11,5,,,
Kuskokwim,Aerial Survey,Kuskokwim River (East Fork),63.10917,-154.56333,1971,1971,1,3,3,3,,,
Kuskokwim,Aerial Survey,Kuskokwim River (South Fork),63.0875,-154.63861,1971,2002,2,0,3,1,,,
Kuskokwim,Aerial Survey,Kwethluk River,60.81389,-161.44889,1960,2020,30,1,7594,1233,,,
Kuskokwim,Aerial Survey,Little Kasigluk River,,,1977,1977,1,10,10,10,,,
Kuskokwim,Aerial Survey,Little Swift Creek,,,1985,1985,1,1,1,1,,,
Kuskokwim,Aerial Survey,Little Tonzona River,62.96555,-154.16889,2000,2011,5,0,73,17,,,
Kuskokwim,Aerial Survey,Little Underhill Creek,61.24611,-154.79083,1966,1966,1,4,4,4,,,
Kuskokwim,Aerial Survey,Little Waldren,,,2000,2002,2,0,0,0,,,
Kuskokwim,Aerial Survey,Minnie Creek,,,2002,2002,1,0,0,0,,,
Kuskokwim,Aerial Survey,Moore Cr.,62.538333,-156.791667,2002,2005,2,0,1,0,,,
Kuskokwim,Aerial Survey,Nash Harbor Creek,60.19647,-166.953595,1993,1993,1,0,0,0,,,
Kuskokwim,Aerial Survey,Nixon Fork,63.035,-155.66361,1989,2001,2,13,58,35,,,
Kuskokwim,Aerial Survey,Nukluk Creek,59.71556,-160.97528,1961,1961,1,24,24,24,,,
Kuskokwim,Aerial Survey,Oskawalik River,61.74611,-158.17667,1960,2020,40,14,1470,227,,,
Kuskokwim,Aerial Survey,Oskawalik River (West Fork),61.69222,-157.87194,1975,1975,1,36,36,36,,,
Kuskokwim,Aerial Survey,Owhat River,61.59583,-159.40917,2005,2005,1,0,0,0,,,
Kuskokwim,Aerial Survey,Pitka Fork,62.9375,-154.745,1975,2020,18,0,746,209,,,
Kuskokwim,Aerial Survey,Salmon River (Aniak),61.065,-159.17944,1959,2020,48,18,4435,691,,,
Kuskokwim,Aerial Survey,Salmon River (Kuskokwim Bay),58.86222,-161.76944,1983,1996,3,0,8,3,,,
Kuskokwim,Aerial Survey,Salmon River (Pitka Fork),62.891493,-154.577036,1975,2020,40,150,2555,1123,,,
Kuskokwim,Aerial Survey,Selatna River,62.51833,-155.80056,1968,2001,4,0,50,14,,,
Kuskokwim,Aerial Survey,Sheep Creek (Pitka Fork,,,2001,2011,4,0,4,1,,,
Kuskokwim,Aerial Survey,Shotgun Creek,60.82583,-157.84361,1966,2008,8,58,2840,1001,,,
Kuskokwim,Aerial Survey,Slate Creek,60.98222,-160.01972,1983,1987,3,1,5,2,,,
Kuskokwim,Aerial Survey,Slow Fork,,,2000,2000,1,0,0,0,,,
Kuskokwim,Aerial Survey,Soda Creek,63.25805,-154.02306,1976,1976,1,34,34,34,,,
Kuskokwim,Aerial Survey,"South Fork, Unnamed Trib 1",,,2001,2001,1,35,35,35,,,
Kuskokwim,Aerial Survey,Sullivan Creek,62.80056,-154.49222,1976,2011,4,0,22,10,,,
Kuskokwim,Aerial Survey,Swift River (North Fork of),,,2001,2001,1,0,0,0,,,
Kuskokwim,Aerial Survey,Takotna River,62.96417,-155.60111,1976,2002,4,0,188,50,,,
Kuskokwim,Aerial Survey,Tatlawiksuk River,61.91917,-156.24306,1968,2005,13,0,424,230,,,
Kuskokwim,Aerial Survey,Telaquana Lake,60.95334,-153.74972,1989,2000,3,0,20,10,,,
Kuskokwim,Aerial Survey,Telaquana River,61.0675,-154.40861,2000,2000,1,10,10,10,,,
Kuskokwim,Aerial Survey,Tuluksak River,61.10222,-160.96667,1965,2013,26,1,1256,287,,,
Kuskokwim,Aerial Survey,Two Lakes,61.13333,-153.7475,2001,2001,1,0,0,0,,,
Kuskokwim,Aerial Survey,Unaluk River,58.835,-161.63083,1975,1975,1,44,44,44,,,
Kuskokwim,Aerial Survey,Unnamed Trib of Big River 1,,,2001,2001,1,21,21,21,,,
Kuskokwim,Aerial Survey,Unnamed Trib of Big River 2,,,2001,2001,1,16,16,16,,,
Kuskokwim,Aerial Survey,Unnamed Trib of Big River 3,,,2002,2002,1,0,0,0,,,
Kuskokwim,Aerial Survey,Unnamed Trib of Big River 4,62.11966667,-154.6575,2001,2001,1,3,3,3,,,
Kuskokwim,Aerial Survey,Unnamed Trib of Big River 6,,,1976,1976,1,2,2,2,,,
Kuskokwim,Aerial Survey,Unnamed Trib of Middle Fork (of Big River),,,2001,2001,1,55,55,55,,,
Kuskokwim,Aerial Survey,Unnamed Tributary (of Chineekluk Creek),61.36084,-158.17556,1975,1988,2,38,57,47,,,
Kuskokwim,Aerial Survey,Unnamed Tributary (of George River),62.05,-157.58,1975,1975,1,3,3,3,,,
Kuskokwim,Aerial Survey,Unnamed Tributary (of North Fork of Swift River),61.578168,-154.801903,1968,1968,1,8,8,8,,,
Kuskokwim,Aerial Survey,Unnamed Tributary (of Stony River),,,1966,1966,1,1,1,1,,,
Kuskokwim,Aerial Survey,Unnamed Tributary (of Swift River),,,1976,1976,1,8,8,8,,,
Kuskokwim,Aerial Survey,Unnamed Tributary of L.Tonzona,62.965,-154.123889,2000,2008,7,0,93,53,,,
Kuskokwim,Aerial Survey,Unnamed Tributary of Windy Fork,62.698056,-154.605833,2001,2011,3,0,26,17,,,
Kuskokwim,Aerial Survey,Vreeland Creek,,,2001,2005,2,38,60,49,,,
Kuskokwim,Aerial Survey,Waterboot Creek,60.90028,-158.99056,1972,1972,1,12,12,12,,,
Kuskokwim,Aerial Survey,West Fork,,,2001,2001,1,0,0,0,,,
Norton Sound/Port Clarence,Aerial Survey,Agiapuk River,65.16611,-165.68167,1997,1997,1,1,1,1,,,
Norton Sound/Port Clarence,Aerial Survey,Bonanza River,64.5375,-164.4875,1985,2016,13,1,23,4,,,
Norton Sound/Port Clarence,Aerial Survey,Boston Creek,65.02762842,-163.029759,1963,2018,39,2,519,117,,,
Norton Sound/Port Clarence,Aerial Survey,Casadepaga River,64.96786431,-164.076227,1979,2003,2,2,16,9,,,
Norton Sound/Port Clarence,Aerial Survey,Chiroskey River,63.92222222,-160.661111,1974,1977,3,2,12,7,,,
Norton Sound/Port Clarence,Aerial Survey,Cripple River,64.53973,-165.79639,2007,2009,2,1,1,1,,,
Norton Sound/Port Clarence,Aerial Survey,Egavik Creek,64.04540326,-160.9305627,1962,1986,6,2,20,9,,,
Norton Sound/Port Clarence,Aerial Survey,Eldorado River,64.5275,-164.91861,1974,2013,27,2,76,12,,,
Norton Sound/Port Clarence,Aerial Survey,Fish River,64.58639,-163.35528,1961,2015,34,1,303,60,,,
Norton Sound/Port Clarence,Aerial Survey,Flambeau River,64.47194,-164.87944,1982,2007,9,1,4,2,,,
Norton Sound/Port Clarence,Aerial Survey,Golsovia River,63.5617887,-161.0636932,1981,1982,2,1,6,3,,,
Norton Sound/Port Clarence,Aerial Survey,Inglutalik River,64.83333333,-161.8,1961,2017,18,34,3090,670,,,
Norton Sound/Port Clarence,Aerial Survey,Kachauvik River,64.602561,-163.1113203,1974,1974,1,1,1,1,,,
Norton Sound/Port Clarence,Aerial Survey,King Metolik,64.68630434,-160.2006487,1983,1983,1,4,4,4,,,
Norton Sound/Port Clarence,Aerial Survey,Kogok River,63.27270027,-162.5915495,1981,1995,5,4,116,29,,,
Norton Sound/Port Clarence,Aerial Survey,Koyuk River (East Fork),65.12374011,-161.0011121,2005,2005,1,1,1,1,,,
Norton Sound/Port Clarence,Aerial Survey,Kwiniuk River,64.69833,-162.03472,1962,2011,22,1,194,34,,,
Norton Sound/Port Clarence,Aerial Survey,Niukluk River,64.8094257,-163.4461663,1962,2013,27,1,131,24,,,
Norton Sound/Port Clarence,Aerial Survey,Nome River,64.48313,-165.30189,1960,2009,26,0,14,3,,,
Norton Sound/Port Clarence,Aerial Survey,North River,63.87611,-160.65722,1962,2011,38,1,3150,389,,,
Norton Sound/Port Clarence,Aerial Survey,Old Woman River,64.02628907,-159.8321851,1962,2013,22,25,430,195,,,
Norton Sound/Port Clarence,Aerial Survey,Ophir Creek,64.91778,-163.74389,2002,2002,1,0,0,0,,,
Norton Sound/Port Clarence,Aerial Survey,Paragon River,64.9916677,-163.1052893,1979,1982,2,1,15,8,,,
Norton Sound/Port Clarence,Aerial Survey,Penny River,64.53778,-165.74,2005,2005,1,1,1,1,,,
Norton Sound/Port Clarence,Aerial Survey,Pikmiktalik River,63.26706842,-162.6037943,1982,2005,3,2,14,9,,,
Norton Sound/Port Clarence,Aerial Survey,Pilgrim River,65.15457884,-165.2212448,1977,2003,10,3,587,107,,,
Norton Sound/Port Clarence,Aerial Survey,Salmon Lake,64.91139,-164.97917,1991,1991,1,5,5,5,,,
Norton Sound/Port Clarence,Aerial Survey,Shaktoolik River,64.37028,-161.18028,1961,2015,38,3,3131,460,,,
Norton Sound/Port Clarence,Aerial Survey,Sinuk River,64.59028,-166.2475,1980,2015,16,0,48,6,,,
Norton Sound/Port Clarence,Aerial Survey,Snake River,64.5043644,-165.4234565,1972,2011,10,1,12,3,,,
Norton Sound/Port Clarence,Aerial Survey,Solomon River,64.54694,-164.4175,1974,2014,8,1,7,2,,,
Norton Sound/Port Clarence,Aerial Survey,Tubutulik River,64.73945,-161.88806,1962,2013,35,1,1946,316,,,
Norton Sound/Port Clarence,Aerial Survey,Unalakleet River,63.87028,-160.78472,1959,2020,32,3,2954,513,,,
Norton Sound/Port Clarence,Aerial Survey,Unalakleet River (North Fork),63.98048518,-159.9756582,1962,1981,5,2,242,70,,,
Norton Sound/Port Clarence,Aerial Survey,Ungalik River,64.55861,-160.92083,1961,2013,23,2,433,106,,,
Yukon,Aerial Survey,Alatna River,66.57055,-152.62556,1960,2015,11,0,230,103,,,
Yukon,Aerial Survey,Andreafsky River,62.03055,-163.24778,1954,2020,63,150,8620,1693,,,
Yukon,Aerial Survey,Andreafsky River (East Fork),62.05778,-163.1125,2000,2020,17,84,2879,1148,,,
Yukon,Aerial Survey,Anvik River,62.68139,-160.20083,1957,2020,59,0,3979,1140,,,
Yukon,Aerial Survey,Archuelinguk River (Clearwater Creek),62.12020654,-163.7870466,1956,2011,12,0,87,22,,,
Yukon,Aerial Survey,Baker Creek,64.97166,-150.47139,1974,1974,1,0,0,0,,,
Yukon,Aerial Survey,Banner Creek,64.287852,-146.350351,1975,1975,1,0,0,0,,,
Yukon,Aerial Survey,Barton Creek,64.3525,-150.215,1983,2008,11,0,671,189,,,
Yukon,Aerial Survey,Batza Creek,65.95138,-154.42917,1975,1975,1,0,0,0,,,
Yukon,Aerial Survey,Bear Creek (Tributary Salchaket Slough),64.73410497,-147.6248467,1986,2006,3,0,6,3,,,
Yukon,Aerial Survey,Bear Creek (Y4 Below Bullfrog Island),63.64361,-159.405,1960,2012,4,0,8,2,,,
Yukon,Aerial Survey,Bearpaw River,64.09194,-150.69778,1973,2014,19,0,390,88,,,
Yukon,Aerial Survey,Beaver Creek (Downstream Beaver Village),66.21028,-147.55389,1985,2012,8,1,302,71,,,
Yukon,Aerial Survey,Beaver Creek (Tributary Anvik River),62.84334,-160.71945,1985,2013,4,29,81,57,,,
Yukon,Aerial Survey,Benchmark No 735 Slough,64.32834,-146.889601,1972,1980,8,0,0,0,,,
Yukon,Aerial Survey,Big Salt River,65.85083,-149.90667,1974,2001,2,0,3,1,,,
Yukon,Aerial Survey,Billy Creek Slough,63.697333,-144.08973,1980,1980,1,0,0,0,,,
Yukon,Aerial Survey,Birch Creek (Downstream Fort Yukon),66.27111,-145.50278,1971,1971,1,4,4,4,,,
Yukon,Aerial Survey,Birch Creek (Tributary Kantishna River),63.86667,-151.55472,1974,1974,1,0,0,0,,,
Yukon,Aerial Survey,Black River (Tributary Porcupine River),66.68366102,-144.6951157,1975,1985,2,0,0,0,,,
Yukon,Aerial Survey,Blackburn Creek,63.37416,-159.56583,1976,2012,5,0,2,0,,,
Yukon,Aerial Survey,Blue Creek,64.16889,-145.78528,1974,1976,2,0,0,0,,,
Yukon,Aerial Survey,Bluff Cabin Slough,64.14293,-145.633303,1972,1980,9,0,0,0,,,
Yukon,Aerial Survey,Bonasila River,62.53333,-160.20889,1957,2019,11,0,800,129,,,
Yukon,Aerial Survey,California Creek,,,2011,2012,2,1,20,10,,,
Yukon,Aerial Survey,Canyon Creek,63.24528,-160.69167,1985,1985,1,8,8,8,,,
Yukon,Aerial Survey,Caribou Creek (Tributary Hogatza River),66.18231,-155.44658,1997,2020,4,0,8,2,,,
Yukon,Aerial Survey,Central Creek,64.37333333,-144.955167,2001,2004,4,0,8,3,,,
Yukon,Aerial Survey,Chandalar River,66.60917,-146.00417,1974,1988,8,0,91,13,,,
Yukon,Aerial Survey,Charley River,65.3175,-142.78028,1974,2002,6,0,92,30,,,
Yukon,Aerial Survey,Chatanika River,65.08833,-149.29806,1960,2013,31,0,550,115,,,
Yukon,Aerial Survey,Chena River,64.79611,-147.91056,1954,2014,46,6,3575,1165,,,
Yukon,Aerial Survey,Chisana River,63.045,-141.85972,1975,1977,2,0,0,0,,,
Yukon,Aerial Survey,Christian River,66.66791741,-145.9389592,1985,1985,1,1,1,1,,,
Yukon,Aerial Survey,Chuilnak River (Atchuelinguk),61.96083,-162.82556,1957,2020,17,1,915,369,,,
Yukon,Aerial Survey,Clear Creek (Tributary Hogatza River),66.21803,-155.49188,2005,2018,3,0,9,3,,,
Yukon,Aerial Survey,Clear Creek (Tributary Julius Creek),64.44527,-149.10806,2000,2014,7,0,159,81,,,
Yukon,Aerial Survey,Clear Creek (Tributary Kantishna River),64.41722,-150.37556,1983,1991,6,11,90,41,,,
Yukon,Aerial Survey,Clear Creek (Tributary Tanana River),64.23366667,-146.092167,2006,2006,1,0,0,0,,,
Yukon,Aerial Survey,Clearwater Lake & Outlet,64.093139,-145.596267,1962,1980,9,0,0,0,,,
Yukon,Aerial Survey,Clearwater Lake Outlet Slough,64.10371855,-145.6033752,1972,1980,4,0,0,0,,,
Yukon,Aerial Survey,Coleen River,67.07222,-142.49528,1985,1985,1,16,16,16,,,
Yukon,Aerial Survey,Cosna River,64.86167,-151.40444,1983,1983,1,4,4,4,,,
Yukon,Aerial Survey,Dakli River,66,-156.25333,1975,2020,18,0,36,5,,,
Yukon,Aerial Survey,Delta Clearwater River,64.101835,-145.558847,1962,1995,13,0,0,0,,,
Yukon,Aerial Survey,Delta River,64.15555,-145.8575,1962,1980,11,0,0,0,,,
Yukon,Aerial Survey,Dishna River (Innokko),63.60528,-157.285,1974,1975,2,1,7,4,,,
Yukon,Aerial Survey,Dulbi River,65.448078,-156.52066,2011,2019,2,0,0,0,,,
Yukon,Aerial Survey,Engineer Creek,61.720616,-161.936792,1957,1957,1,0,0,0,,,
Yukon,Aerial Survey,Fish Creek (Tributary S.F. Koyukuk River),66.60917,-151.58667,1975,1985,3,0,10,5,,,
Yukon,Aerial Survey,Five Mile Clearwater River,64.40305,-147.02417,1974,1976,3,0,0,0,,,
Yukon,Aerial Survey,Geiger Creek,64.16584,-150.0075,2000,2000,1,0,0,0,,,
Yukon,Aerial Survey,Gisasa River,65.2625,-157.67944,1960,2020,37,45,2775,696,,,
Yukon,Aerial Survey,Glacier Creek (Tributary Bearpaw River),63.72639,-150.97,2006,2006,1,108,108,108,,,
Yukon,Aerial Survey,Glacier Creek (Tributary Clear Creek (Tributary Julius Creek)),64.41917,-149.125,2001,2014,4,0,263,78,,,
Yukon,Aerial Survey,Goodpaster River,64.171224,-145.625755,1954,2007,30,14,3436,648,,,
Yukon,Aerial Survey,Goodpaster River (South fork),64.20483333,-145.173333,2001,2004,3,3,51,27,,,
Yukon,Aerial Survey,Grayling Creek,62.90159095,-160.0643603,1976,2012,2,0,0,0,,,
Yukon,Aerial Survey,Hammond River,67.46028,-150.03306,1983,1997,2,8,48,28,,,
Yukon,Aerial Survey,Henshaw Creek,66.55333,-152.2225,1969,2020,24,6,686,257,,,
Yukon,Aerial Survey,Hodzana River,66.292188,-147.772647,2011,2011,1,98,98,98,,,
Yukon,Aerial Survey,Hogatza River,65.99861,-155.39556,1960,2011,14,0,1,0,,,
Yukon,Aerial Survey,Honhosa River,,,2011,2011,1,0,0,0,,,
Yukon,Aerial Survey,Hult Creek,63.47361111,-151.85,1994,1994,1,8,8,8,,,
Yukon,Aerial Survey,Huslia River,65.738366,-156.538606,2009,2020,6,0,0,0,,,
Yukon,Aerial Survey,Iditarod River,63.03,-158.76556,1992,1992,1,0,0,0,,,
Yukon,Aerial Survey,Illinois Creek,65.18445,-153.07556,1960,1960,1,2,2,2,,,
Yukon,Aerial Survey,Indian River,65.86935,-154.40087,1960,2018,9,0,93,18,,,
Yukon,Aerial Survey,Innoko River,62.19638,-159.7175,1981,1981,1,1,1,1,,,
Yukon,Aerial Survey,Jim River,66.79055,-151.20028,1969,2015,34,1,432,131,,,
Yukon,Aerial Survey,John River,66.91416,-151.65083,1992,1992,1,10,10,10,,,
Yukon,Aerial Survey,Julius Creek,64.48139,-149.13472,1972,2013,13,0,130,39,,,
Yukon,Aerial Survey,June Creek,64.14203,-149.24467,2000,2000,1,0,0,0,,,
Yukon,Aerial Survey,Kako Creek,61.85861,-161.32972,1957,1957,1,0,0,0,,,
Yukon,Aerial Survey,Kala Creek,64.60694,-156.75556,1960,1977,2,1,7,4,,,
Yukon,Aerial Survey,Kaltag River,64.33472,-158.72278,1958,2015,9,0,31,13,,,
Yukon,Aerial Survey,Kandik River,65.37389,-142.51111,1985,2001,3,0,13,5,,,
Yukon,Aerial Survey,Kanuti River,66.44671,-152.99736,1969,1969,1,0,0,0,,,
Yukon,Aerial Survey,Kateel River,65.38629649,-158.5499521,1960,2019,14,0,185,72,,,
Yukon,Aerial Survey,Klikhtentotzna,66.35,-154.75,2011,2011,1,0,0,0,,,
Yukon,Aerial Survey,Kokrines Str,64.93778,-154.68972,1958,1958,1,0,0,0,,,
Yukon,Aerial Survey,Koyukuk River,64.92306,-157.55083,1960,2011,3,0,12,7,,,
Yukon,Aerial Survey,Koyukuk River (Middle Fork),67.0475,-151.07111,1971,2015,7,11,253,91,,,
Yukon,Aerial Survey,Koyukuk River (North Fork),67.04805,-151.07583,1971,2015,5,1,53,24,,,
Yukon,Aerial Survey,Koyukuk River (South Fork),66.5825,-151.93667,1960,2015,34,1,747,212,,,
Yukon,Aerial Survey,Lignite Spring,63.919179,-149.028753,1978,1978,1,0,0,0,,,
Yukon,Aerial Survey,Little Salcha River,64.52917,-147.00472,1953,1953,1,0,0,0,,,
Yukon,Aerial Survey,Lockwood Creek,61.960027,-160.932058,1957,1957,1,0,0,0,,,
Yukon,Aerial Survey,Lost Slough,64.48182694,-149.1394114,1973,1991,9,0,4,0,,,
Yukon,Aerial Survey,McDonald Creek (Tributary Anvik River),63.465,-160.28889,2004,2004,1,5,5,5,,,
Yukon,Aerial Survey,McDonald Creek (Tributary Salchaket Slough),64.7075,-147.60472,1996,2006,5,0,65,19,,,
Yukon,Aerial Survey,McKinley River,63.86611,-151.555,1974,1974,1,0,0,0,,,
Yukon,Aerial Survey,McManus Creek,65.28866667,-146.3805,2003,2003,1,0,0,0,,,
Yukon,Aerial Survey,Melozi Hot Springs Creek,65.18278,-154.91056,1994,2012,7,0,43,16,,,
Yukon,Aerial Survey,Melozitna River,64.76334,-155.45917,1960,2012,16,4,136,17,,,
Yukon,Aerial Survey,Minook Creek,65.51888,-150.13806,1958,1958,1,0,0,0,,,
Yukon,Aerial Survey,Moose Creek (Tributary Bearpaw River),63.8875,-150.90194,2002,2005,2,19,46,32,,,
Yukon,Aerial Survey,Morelock Creek,65.26444,-151.30083,1978,1978,1,0,0,0,,,
Yukon,Aerial Survey,Nageethluk River,62.33450969,-162.137395,1985,1985,1,56,56,56,,,
Yukon,Aerial Survey,Nation River,65.19639,-141.69389,1985,2001,3,0,27,10,,,
Yukon,Aerial Survey,Nenana River,64.565,-149.10444,1974,2014,3,0,18,7,,,
Yukon,Aerial Survey,Ninemile River,64.62805,-158.2975,2012,2012,1,106,106,106,,,
Yukon,Aerial Survey,Nowitna River,64.92638,-154.26944,1987,1987,1,1,1,1,,,
Yukon,Aerial Survey,Nulato River,64.70777,-158.13694,1958,2020,40,0,3025,1094,,,
Yukon,Aerial Survey,Nulato River (South Fork),64.729219,-158.210106,1998,2020,11,167,897,493,,,
Yukon,Aerial Survey,Onemile Slough,64.092533,-145.542168,1973,1980,8,0,0,0,,,
Yukon,Aerial Survey,Otter Creek (Tributary Anvik River),63.24444,-160.69333,1985,2013,5,17,118,53,,,
Yukon,Aerial Survey,Panguingue Creek,63.94139,-149.05694,1978,1978,1,0,0,0,,,
Yukon,Aerial Survey,Piledriver Slough,64.70690273,-147.2949658,1977,1977,1,7,7,7,,,
Yukon,Aerial Survey,Pitka River,,,2011,2011,1,0,0,0,,,
Yukon,Aerial Survey,Pocahontas Creek,65.91388889,-154.3583333,1993,1993,1,0,0,0,,,
Yukon,Aerial Survey,Richardson Clearwater River,64.2425,-146.27417,1962,1980,9,0,0,0,,,
Yukon,Aerial Survey,Rodo River,64.27889,-158.70917,1959,2015,20,0,819,214,,,
Yukon,Aerial Survey,Salcha River,64.46694,-146.97778,1954,2015,51,0,11379,2380,,,
Yukon,Aerial Survey,Salchaket Slough,64.75,-148.00806,1997,1997,1,71,71,71,,,
Yukon,Aerial Survey,Salmon Fork,66.54555,-142.59195,1974,2008,7,0,9,1,,,
Yukon,Aerial Survey,Salmon Trout River,67.15972,-141.66833,1974,1976,3,0,0,0,,,
Yukon,Aerial Survey,Seventeenmile Slough,64.530208,-149.133109,1974,2014,26,0,708,101,,,
Yukon,Aerial Survey,Seventymile River,64.926995,-141.301763,1997,1997,1,7,7,7,,,
Yukon,Aerial Survey,Sheenjek River,66.73944,-144.56445,1973,1985,9,0,65,7,,,
Yukon,Aerial Survey,Simon Creek,63.18861,-159.73278,1978,1978,1,0,0,0,,,
Yukon,Aerial Survey,Slate Creek (Tributary Middle Fork Koyukuk River),67.26028,-150.1975,1974,1982,2,6,13,9,,,
Yukon,Aerial Survey,South Bank (Upper) Tanana River,64.156354,-145.835694,1970,1980,9,0,0,0,,,
Yukon,Aerial Survey,Spruce Creek,61.783656,-161.970822,1957,1957,1,10,10,10,,,
Yukon,Aerial Survey,Squaw Creek,65.51805,-150.15833,1974,1974,1,0,0,0,,,
Yukon,Aerial Survey,Stink Creek,63.98389,-158.93833,1976,2012,2,0,8,4,,,
Yukon,Aerial Survey,Stuyahok River,62.47111,-160.82333,2003,2012,2,10,20,15,,,
Yukon,Aerial Survey,Sushana River,64.15778,-149.98806,2000,2000,1,0,0,0,,,
Yukon,Aerial Survey,Swift River (Tributary Anvik River),63.07222,-160.715,2003,2013,4,3,24,11,,,
Yukon,Aerial Survey,Tanana River,65.15917,-151.95944,1962,1980,7,0,0,0,,,
Yukon,Aerial Survey,Tatonduk River,64.99583,-141.34278,1997,1997,1,1,1,1,,,
Yukon,Aerial Survey,Teklanika River,64.47916667,-149.3166667,1997,1997,1,198,198,198,,,
Yukon,Aerial Survey,Teklanika River Springs,64.4705,-149.322833,2000,2000,1,0,0,0,,,
Yukon,Aerial Survey,Thompson Creek,63.10139,-159.79278,2012,2012,1,0,0,0,,,
Yukon,Aerial Survey,Tozitna River,65.13695,-152.41194,1985,2012,18,0,1262,307,,,
Yukon,Aerial Survey,Unnamed Creek -4137,63.854288,-151.399931,2006,2006,1,19,19,19,,,
Yukon,Aerial Survey,Unnamed Creek -4141,63.835446,-151.460068,2006,2006,1,13,13,13,,,
Yukon,Aerial Survey,Wheeler Creek,66.165,-156.31167,1995,1995,1,3,3,3,,,
Yukon,Aerial Survey,Willow Creek,64.673,-148.2091667,2006,2006,1,0,0,0,,,
Yukon,Aerial Survey,Wood Creek,64.40056,-149.12056,2013,2013,1,0,0,0,,,
Yukon,Aerial Survey,Yellow River,62.9225,-160.68139,1985,1985,1,4,4,4,,,
Yukon,Aerial Survey,Yuki River,64.71583,-156.11944,2011,2012,2,0,21,10,,,
Yukon - Canada,Aerial Survey,Beaver River (Canada),63.958333,-133.9,1985,1985,1,43,43,43,,,
Yukon - Canada,Aerial Survey,Big Creek,62.613888,-136.991666,1992,1992,1,617,617,617,,,
Yukon - Canada,Aerial Survey,Big Kalzas River,62.890277,-135.480555,1968,1985,3,23,76,42,,,
Yukon - Canada,Aerial Survey,Big Salmon River,61.881944,-134.916666,1959,2003,36,34,3075,1007,,,
Yukon - Canada,Aerial Survey,Blind Creek,62.177777,-133.216666,1973,1987,3,1,11,6,,,
Yukon - Canada,Aerial Survey,Chandindu River,64.254166,-139.708333,1985,1985,1,5,5,5,,,
Yukon - Canada,Aerial Survey,Christmas,61.058333,-138.35,1985,1985,1,0,0,0,,,
Yukon - Canada,Aerial Survey,Crooked Creek,63.375,-136.691666,1956,2006,3,0,3,1,,,
Yukon - Canada,Aerial Survey,Donjek River,62.6,-140,1980,1980,1,0,0,0,,,
Yukon - Canada,Aerial Survey,Duke River,61.433333,-139.083333,1976,1976,1,0,0,0,,,
Yukon - Canada,Aerial Survey,Earn River,62.733333,-134.694444,1968,1985,5,30,102,67,,,
Yukon - Canada,Aerial Survey,Fishing Branch River,66.5,-138.416666,1971,1980,10,0,1,0,,,
Yukon - Canada,Aerial Survey,Fortymile River,64.433333,-140.533333,1987,1987,1,2,2,2,,,
Yukon - Canada,Aerial Survey,Gladys River,59.8,-132.316666,1971,2000,7,2,61,25,,,
Yukon - Canada,Aerial Survey,Glenlyon River,62.477777,-134.163888,1972,1985,2,21,25,23,,,
Yukon - Canada,Aerial Survey,Hoole River,61.75,-131.708333,1968,1990,8,16,232,86,,,
Yukon - Canada,Aerial Survey,Jennings River,59.65,-132.133333,1972,2000,12,3,233,44,,,
Yukon - Canada,Aerial Survey,Klondike River,64.054166,-139.440277,1956,1987,9,1,100,31,,,
Yukon - Canada,Aerial Survey,Kluane River,61.875,-139.716666,1972,1980,8,0,8,1,,,
Yukon - Canada,Aerial Survey,Koidern River,62.038888,-140.441666,1980,1995,2,0,0,0,,,
Yukon - Canada,Aerial Survey,Lake Laberge,61.383333,-135.25,1975,1976,2,2,15,8,,,
Yukon - Canada,Aerial Survey,Lapie River,62.033333,-132.6,1981,1984,2,4,5,4,,,
Yukon - Canada,Aerial Survey,Lewis Lake Outlet,62.604166,-131.133333,1972,1990,7,39,157,71,,,
Yukon - Canada,Aerial Survey,Little Kalzas River,62.888888,-135.466666,1972,1985,3,2,13,6,,,
Yukon - Canada,Aerial Survey,Little Salmon River,62.05,-135.658333,1968,2003,31,27,1658,462,,,
Yukon - Canada,Aerial Survey,M'Clintock River,60.558333,-134.483333,1955,1983,8,15,535,125,,,
Yukon - Canada,Aerial Survey,MacIntyre Creek,60.75,-135.1,1993,1993,1,9,9,9,,,
Yukon - Canada,Aerial Survey,Macmillan River (North Fork),63.041666,-133.3,1972,1972,1,7,7,7,,,
Yukon - Canada,Aerial Survey,Macmillan River (South Fork),63.042222,-133.3,1968,1983,5,1,22,7,,,
Yukon - Canada,Aerial Survey,Marsh Lake,60.538888,-134.516666,1974,1974,1,5,5,5,,,
Yukon - Canada,Aerial Survey,Mayo River,63.591666,-135.916666,1968,1985,5,2,20,8,,,
Yukon - Canada,Aerial Survey,McQuesten River,63.55,-137.433333,1974,1987,7,2,83,29,,,
Yukon - Canada,Aerial Survey,Michie Creek,60.670833,-134.466666,1993,1993,1,10,10,10,,,
Yukon - Canada,Aerial Survey,Miner River,66.444444,-138.591666,1972,1974,2,30,89,59,,,
Yukon - Canada,Aerial Survey,Moose River,62.994444,-134.716666,1968,1968,1,25,25,25,,,
Yukon - Canada,Aerial Survey,Morley River,60.095833,-132.495833,1969,2000,18,4,573,127,,,
Yukon - Canada,Aerial Survey,Nisling River,62.45,-139.466666,1983,1983,1,12,12,12,,,
Yukon - Canada,Aerial Survey,Nisutlin River,60.25,-132.566666,1955,2016,36,1,2199,604,,,
Yukon - Canada,Aerial Survey,Nordenskiold River,62.1,-136.301388,1973,1987,5,1,500,149,,,
Yukon - Canada,Aerial Survey,Ollie Lakes and Outlet,63,-131.033333,1968,1972,2,6,84,45,,,
Yukon - Canada,Aerial Survey,Pelly Lakes & Outlet Stream,62.066666,-130.333333,1968,1984,4,17,69,44,,,
Yukon - Canada,Aerial Survey,Pelly River,62.766666,-137.333333,1968,1983,4,1,45,18,,,
Yukon - Canada,Aerial Survey,Pleasant Creek,63.5125,-133.916666,1968,1985,2,14,58,36,,,
Yukon - Canada,Aerial Survey,Prevost River,62.6,-131.166666,1973,1981,2,1,26,13,,,
Yukon - Canada,Aerial Survey,Ross River,61.983333,-132.433333,1968,1996,17,23,897,265,,,
Yukon - Canada,Aerial Survey,Russell Creek,63.0375,-133.383333,1972,1981,2,2,9,5,,,
Yukon - Canada,Aerial Survey,Sheldon Lake Outlet,62.652777,-131.033333,1972,1981,2,2,23,12,,,
Yukon - Canada,Aerial Survey,Swift River (To Teslin Lake),59.733333,-132.183333,1971,2000,11,2,590,165,,,
Yukon - Canada,Aerial Survey,Swift River (To Teslin River),60.8125,-133.858333,1980,1985,4,1,100,47,,,
Yukon - Canada,Aerial Survey,Takhini River,60.841666,-135.183333,1958,1989,21,6,1207,195,,,
Yukon - Canada,Aerial Survey,Tatchun Creek,62.283333,-136.323611,1966,1998,16,7,643,229,,,
Yukon - Canada,Aerial Survey,Teslin River,60.566666,-134.9,1984,1997,4,15,86,35,,,
Yukon - Canada,Aerial Survey,Tincup Creek,61.888888,-139.55,1984,2000,14,16,220,111,,,
Yukon - Canada,Aerial Survey,Wolf River,60.279166,-132.55,1984,2016,20,32,705,271,,,
Yukon - Canada,Aerial Survey,Yukon River (Canada) INDEX AREA-Surveys,62.341666,-136.483333,1986,1986,1,6,6,6,,,
,,,,,,,,,,,,,
,,,,,,,,,,,,,
,,,,,,,,,,,,,
,,,,,,,,,,,,,
,,,,,,,,,,,,,
,,,,,,,,,,,,,
,,,,,,,,,,,,,
,,,,,,,,,,,,,
,,,,,,,,,,,,,
,,,,,,,,,,,,,
,,,,,,,,,,,,,
,,,,,,,,,,,,,
,,,,,,,,,,,,,
,,,,,,,,,,,,,
,,,,,,,,,,,,,
,,,,,,,,,,,,,
,,,,,,,,,,,,,
,,,,,,,,,,,,,
,,,,,,,,,,,,,
,,,,,,,,,,,,,
,,,,,,,,,,,,,
,,,,,,,,,,,,,
,,,,,,,,,,,,,
,,,,,,,,,,,,,
,,,,,,,,,,,,,
,,,,,,,,,,,,,
,,,,,,,,,,,,,
,,,,,,,,,,,,,
,,,,,,,,,,,,,
,,,,,,,,,,,,,
,,,,,,,,,,,,,
,,,,,,,,,,,,,
,,,,,,,,,,,,,
,,,,,,,,,,,,,
,,,,,,,,,,,,,
,,,,,,,,,,,,,
,,,,,,,,,,,,,
,,,,,,,,,,,,,
,,,,,,,,,,,,,
,,,,,,,,,,,,,
,,,,,,,,,,,,,
,,,,,,,,,,,,,
,,,,,,,,,,,,,
,,,,,,,,,,,,,
,,,,,,,,,,,,,
,,,,,,,,,,,,,
,,,,,,,,,,,,,
,,,,,,,,,,,,,
,,,,,,,,,,,,,
,,,,,,,,,,,,,
,,,,,,,,,,,,,
,,,,,,,,,,,,,
,,,,,,,,,,,,,
,,,,,,,,,,,,,
,,,,,,,,,,,,,
,,,,,,,,,,,,,
,,,,,,,,,,,,,
,,,,,,,,,,,,,
,,,,,,,,,,,,,
,,,,,,,,,,,,,
,,,,,,,,,,,,,
,,,,,,,,,,,,,
,,,,,,,,,,,,,
,,,,,,,,,,,,,
,,,,,,,,,,,,,
,,,,,,,,,,,,,
,,,,,,,,,,,,,
,,,,,,,,,,,,,
,,,,,,,,,,,,,
,,,,,,,,,,,,,
,,,,,,,,,,,,,
,,,,,,,,,,,,,
,,,,,,,,,,,,,
,,,,,,,,,,,,,
,,,,,,,,,,,,,
,,,,,,,,,,,,,
,,,,,,,,,,,,,
,,,,,,,,,,,,,
,,,,,,,,,,,,,
,,,,,,,,,,,,,
,,,,,,,,,,,,,
,,,,,,,,,,,,,
,,,,,,,,,,,,,
,,,,,,,,,,,,,
,,,,,,,,,,,,,
,,,,,,,,,,,,,
,,,,,,,,,,,,,
,,,,,,,,,,,,,
,,,,,,,,,,,,,
,,,,,,,,,,,,,
,,,,,,,,,,,,,
,,,,,,,,,,,,,
,,,,,,,,,,,,,
,,,,,,,,,,,,,
,,,,,,,,,,,,,
,,,,,,,,,,,,,
,,,,,,,,,,,,,
,,,,,,,,,,,,,
,,,,,,,,,,,,,
,,,,,,,,,,,,,
,,,,,,,,,,,,,
,,,,,,,,,,,,,
,,,,,,,,,,,,,
,,,,,,,,,,,,,
,,,,,,,,,,,,,
,,,,,,,,,,,,,
,,,,,,,,,,,,,
,,,,,,,,,,,,,
,,,,,,,,,,,,,
,,,,,,,,,,,,,
,,,,,,,,,,,,,
,,,,,,,,,,,,,
,,,,,,,,,,,,,
,,,,,,,,,,,,,
,,,,,,,,,,,,,
,,,,,,,,,,,,,
,,,,,,,,,,,,,
,,,,,,,,,,,,,
,,,,,,,,,,,,,
,,,,,,,,,,,,,
,,,,,,,,,,,,,
,,,,,,,,,,,,,
,,,,,,,,,,,,,
,,,,,,,,,,,,,
,,,,,,,,,,,,,
,,,,,,,,,,,,,
,,,,,,,,,,,,,
,,,,,,,,,,,,,
,,,,,,,,,,,,,
,,,,,,,,,,,,,
,,,,,,,,,,,,,
,,,,,,,,,,,,,
,,,,,,,,,,,,,
,,,,,,,,,,,,,
,,,,,,,,,,,,,
,,,,,,,,,,,,,
,,,,,,,,,,,,,
,,,,,,,,,,,,,
,,,,,,,,,,,,,
,,,,,,,,,,,,,
,,,,,,,,,,,,,
,,,,,,,,,,,,,
,,,,,,,,,,,,,
,,,,,,,,,,,,,
,,,,,,,,,,,,,
,,,,,,,,,,,,,
,,,,,,,,,,,,,
,,,,,,,,,,,,,
,,,,,,,,,,,,,
,,,,,,,,,,,,,
,,,,,,,,,,,,,
,,,,,,,,,,,,,
,,,,,,,,,,,,,
,,,,,,,,,,,,,
,,,,,,,,,,,,,
,,,,,,,,,,,,,
,,,,,,,,,,,,,
,,,,,,,,,,,,,
,,,,,,,,,,,,,
,,,,,,,,,,,,,
,,,,,,,,,,,,,
,,,,,,,,,,,,,
,,,,,,,,,,,,,
,,,,,,,,,,,,,
,,,,,,,,,,,,,
,,,,,,,,,,,,,
,,,,,,,,,,,,,
,,,,,,,,,,,,,
,,,,,,,,,,,,,
,,,,,,,,,,,,,
,,,,,,,,,,,,,
,,,,,,,,,,,,,
,,,,,,,,,,,,,
,,,,,,,,,,,,,
,,,,,,,,,,,,,
,,,,,,,,,,,,,
,,,,,,,,,,,,,
,,,,,,,,,,,,,
,,,,,,,,,,,,,
,,,,,,,,,,,,,
,,,,,,,,,,,,,
,,,,,,,,,,,,,
,,,,,,,,,,,,,
,,,,,,,,,,,,,
,,,,,,,,,,,,,
,,,,,,,,,,,,,
,,,,,,,,,,,,,
,,,,,,,,,,,,,
,,,,,,,,,,,,,
,,,,,,,,,,,,,
,,,,,,,,,,,,,
,,,,,,,,,,,,,
,,,,,,,,,,,,,
,,,,,,,,,,,,,
,,,,,,,,,,,,,
,,,,,,,,,,,,,
,,,,,,,,,,,,,
,,,,,,,,,,,,,
,,,,,,,,,,,,,
,,,,,,,,,,,,,
,,,,,,,,,,,,,
,,,,,,,,,,,,,
,,,,,,,,,,,,,
,,,,,,,,,,,,,
,,,,,,,,,,,,,
,,,,,,,,,,,,,
,,,,,,,,,,,,,
,,,,,,,,,,,,,
,,,,,,,,,,,,,
,,,,,,,,,,,,,
,,,,,,,,,,,,,
,,,,,,,,,,,,,
,,,,,,,,,,,,,
,,,,,,,,,,,,,
,,,,,,,,,,,,,
,,,,,,,,,,,,,
,,,,,,,,,,,,,
,,,,,,,,,,,,,
,,,,,,,,,,,,,
,,,,,,,,,,,,,
,,,,,,,,,,,,,
,,,,,,,,,,,,,
,,,,,,,,,,,,,
,,,,,,,,,,,,,
,,,,,,,,,,,,,
,,,,,,,,,,,,,
,,,,,,,,,,,,,
,,,,,,,,,,,,,
,,,,,,,,,,,,,
,,,,,,,,,,,,,
,,,,,,,,,,,,,
,,,,,,,,,,,,,
,,,,,,,,,,,,,
,,,,,,,,,,,,,
,,,,,,,,,,,,,
,,,,,,,,,,,,,
,,,,,,,,,,,,,
,,,,,,,,,,,,,
,,,,,,,,,,,,,
,,,,,,,,,,,,,
,,,,,,,,,,,,,
,,,,,,,,,,,,,
,,,,,,,,,,,,,
,,,,,,,,,,,,,
,,,,,,,,,,,,,
,,,,,,,,,,,,,
,,,,,,,,,,,,,
,,,,,,,,,,,,,
,,,,,,,,,,,,,
,,,,,,,,,,,,,
,,,,,,,,,,,,,
,,,,,,,,,,,,,
,,,,,,,,,,,,,
,,,,,,,,,,,,,
,,,,,,,,,,,,,
,,,,,,,,,,,,,
,,,,,,,,,,,,,
,,,,,,,,,,,,,
,,,,,,,,,,,,,
,,,,,,,,,,,,,
,,,,,,,,,,,,,
,,,,,,,,,,,,,
,,,,,,,,,,,,,
,,,,,,,,,,,,,
,,,,,,,,,,,,,
,,,,,,,,,,,,,
,,,,,,,,,,,,,
,,,,,,,,,,,,,
,,,,,,,,,,,,,
,,,,,,,,,,,,,
,,,,,,,,,,,,,
,,,,,,,,,,,,,
,,,,,,,,,,,,,
,,,,,,,,,,,,,
,,,,,,,,,,,,,
,,,,,,,,,,,,,
,,,,,,,,,,,,,
,,,,,,,,,,,,,
,,,,,,,,,,,,,
,,,,,,,,,,,,,
,,,,,,,,,,,,,
,,,,,,,,,,,,,
,,,,,,,,,,,,,
,,,,,,,,,,,,,
,,,,,,,,,,,,,
,,,,,,,,,,,,,
,,,,,,,,,,,,,
,,,,,,,,,,,,,
,,,,,,,,,,,,,
,,,,,,,,,,,,,
,,,,,,,,,,,,,
,,,,,,,,,,,,,
,,,,,,,,,,,,,
,,,,,,,,,,,,,
,,,,,,,,,,,,,
,,,,,,,,,,,,,
,,,,,,,,,,,,,
,,,,,,,,,,,,,
,,,,,,,,,,,,,
,,,,,,,,,,,,,
,,,,,,,,,,,,,
,,,,,,,,,,,,,
,,,,,,,,,,,,,
,,,,,,,,,,,,,
,,,,,,,,,,,,,
,,,,,,,,,,,,,
,,,,,,,,,,,,,
,,,,,,,,,,,,,
,,,,,,,,,,,,,
,,,,,,,,,,,,,
,,,,,,,,,,,,,
,,,,,,,,,,,,,
,,,,,,,,,,,,,
,,,,,,,,,,,,,
,,,,,,,,,,,,,
,,,,,,,,,,,,,
,,,,,,,,,,,,,
,,,,,,,,,,,,,
,,,,,,,,,,,,,
,,,,,,,,,,,,,
,,,,,,,,,,,,,
,,,,,,,,,,,,,
,,,,,,,,,,,,,
,,,,,,,,,,,,,
,,,,,,,,,,,,,
,,,,,,,,,,,,,
,,,,,,,,,,,,,
,,,,,,,,,,,,,
,,,,,,,,,,,,,
,,,,,,,,,,,,,
,,,,,,,,,,,,,
,,,,,,,,,,,,,
,,,,,,,,,,,,,
,,,,,,,,,,,,,
,,,,,,,,,,,,,
,,,,,,,,,,,,,
,,,,,,,,,,,,,
,,,,,,,,,,,,,
,,,,,,,,,,,,,
,,,,,,,,,,,,,
,,,,,,,,,,,,,
,,,,,,,,,,,,,
,,,,,,,,,,,,,
,,,,,,,,,,,,,
,,,,,,,,,,,,,
,,,,,,,,,,,,,
,,,,,,,,,,,,,
,,,,,,,,,,,,,
,,,,,,,,,,,,,
,,,,,,,,,,,,,
,,,,,,,,,,,,,
,,,,,,,,,,,,,
,,,,,,,,,,,,,
,,,,,,,,,,,,,
,,,,,,,,,,,,,
,,,,,,,,,,,,,
,,,,,,,,,,,,,
,,,,,,,,,,,,,
,,,,,,,,,,,,,
,,,,,,,,,,,,,
,,,,,,,,,,,,,
,,,,,,,,,,,,,
,,,,,,,,,,,,,
,,,,,,,,,,,,,
,,,,,,,,,,,,,
,,,,,,,,,,,,,
,,,,,,,,,,,,,
,,,,,,,,,,,,,
,,,,,,,,,,,,,
,,,,,,,,,,,,,
,,,,,,,,,,,,,
,,,,,,,,,,,,,
,,,,,,,,,,,,,
,,,,,,,,,,,,,
,,,,,,,,,,,,,
,,,,,,,,,,,,,
,,,,,,,,,,,,,
,,,,,,,,,,,,,
,,,,,,,,,,,,,
,,,,,,,,,,,,,
,,,,,,,,,,,,,
,,,,,,,,,,,,,
,,,,,,,,,,,,,
,,,,,,,,,,,,,
,,,,,,,,,,,,,
,,,,,,,,,,,,,
,,,,,,,,,,,,,
,,,,,,,,,,,,,
,,,,,,,,,,,,,
,,,,,,,,,,,,,
,,,,,,,,,,,,,
,,,,,,,,,,,,,
,,,,,,,,,,,,,
,,,,,,,,,,,,,
,,,,,,,,,,,,,
,,,,,,,,,,,,,
,,,,,,,,,,,,,
,,,,,,,,,,,,,
,,,,,,,,,,,,,
,,,,,,,,,,,,,
,,,,,,,,,,,,,
,,,,,,,,,,,,,
,,,,,,,,,,,,,
,,,,,,,,,,,,,
,,,,,,,,,,,,,
,,,,,,,,,,,,,
,,,,,,,,,,,,,
,,,,,,,,,,,,,
,,,,,,,,,,,,,
,,,,,,,,,,,,,
,,,,,,,,,,,,,
,,,,,,,,,,,,,
,,,,,,,,,,,,,
,,,,,,,,,,,,,
,,,,,,,,,,,,,
,,,,,,,,,,,,,
,,,,,,,,,,,,,
,,,,,,,,,,,,,
,,,,,,,,,,,,,
,,,,,,,,,,,,,
,,,,,,,,,,,,,
,,,,,,,,,,,,,
,,,,,,,,,,,,,
,,,,,,,,,,,,,
,,,,,,,,,,,,,
,,,,,,,,,,,,,
,,,,,,,,,,,,,
,,,,,,,,,,,,,
,,,,,,,,,,,,,
,,,,,,,,,,,,,
,,,,,,,,,,,,,
,,,,,,,,,,,,,
,,,,,,,,,,,,,
,,,,,,,,,,,,,
,,,,,,,,,,,,,
,,,,,,,,,,,,,
,,,,,,,,,,,,,
,,,,,,,,,,,,,
,,,,,,,,,,,,,
,,,,,,,,,,,,,
,,,,,,,,,,,,,
,,,,,,,,,,,,,
,,,,,,,,,,,,,
,,,,,,,,,,,,,
,,,,,,,,,,,,,
,,,,,,,,,,,,,
,,,,,,,,,,,,,
,,,,,,,,,,,,,
,,,,,,,,,,,,,
,,,,,,,,,,,,,
,,,,,,,,,,,,,
,,,,,,,,,,,,,
,,,,,,,,,,,,,
,,,,,,,,,,,,,
,,,,,,,,,,,,,
,,,,,,,,,,,,,
,,,,,,,,,,,,,
,,,,,,,,,,,,,
,,,,,,,,,,,,,
,,,,,,,,,,,,,
,,,,,,,,,,,,,
,,,,,,,,,,,,,
,,,,,,,,,,,,,
,,,,,,,,,,,,,
,,,,,,,,,,,,,
,,,,,,,,,,,,,
,,,,,,,,,,,,,
,,,,,,,,,,,,,
,,,,,,,,,,,,,
,,,,,,,,,,,,,
,,,,,,,,,,,,,
,,,,,,,,,,,,,
,,,,,,,,,,,,,
,,,,,,,,,,,,,
,,,,,,,,,,,,,
,,,,,,,,,,,,,
,,,,,,,,,,,,,
,,,,,,,,,,,,,
,,,,,,,,,,,,,
,,,,,,,,,,,,,
,,,,,,,,,,,,,
,,,,,,,,,,,,,
,,,,,,,,,,,,,
,,,,,,,,,,,,,
,,,,,,,,,,,,,
,,,,,,,,,,,,,
,,,,,,,,,,,,,
,,,,,,,,,,,,,
,,,,,,,,,,,,,
,,,,,,,,,,,,,
,,,,,,,,,,,,,
,,,,,,,,,,,,,
,,,,,,,,,,,,,
,,,,,,,,,,,,,
,,,,,,,,,,,,,
,,,,,,,,,,,,,
,,,,,,,,,,,,,
,,,,,,,,,,,,,
,,,,,,,,,,,,,
,,,,,,,,,,,,,
,,,,,,,,,,,,,
,,,,,,,,,,,,,
,,,,,,,,,,,,,
,,,,,,,,,,,,,
,,,,,,,,,,,,,
,,,,,,,,,,,,,
,,,,,,,,,,,,,
,,,,,,,,,,,,,
,,,,,,,,,,,,,
,,,,,,,,,,,,,
,,,,,,,,,,,,,
,,,,,,,,,,,,,
,,,,,,,,,,,,,
,,,,,,,,,,,,,
,,,,,,,,,,,,,
,,,,,,,,,,,,,
,,,,,,,,,,,,,
,,,,,,,,,,,,,
,,,,,,,,,,,,,
,,,,,,,,,,,,,
,,,,,,,,,,,,,
,,,,,,,,,,,,,
,,,,,,,,,,,,,
,,,,,,,,,,,,,
,,,,,,,,,,,,,
,,,,,,,,,,,,,
,,,,,,,,,,,,,
,,,,,,,,,,,,,
,,,,,,,,,,,,,
,,,,,,,,,,,,,
,,,,,,,,,,,,,
,,,,,,,,,,,,,
,,,,,,,,,,,,,
,,,,,,,,,,,,,
,,,,,,,,,,,,,
,,,,,,,,,,,,,
,,,,,,,,,,,,,
,,,,,,,,,,,,,
,,,,,,,,,,,,,
,,,,,,,,,,,,,
,,,,,,,,,,,,,
,,,,,,,,,,,,,
,,,,,,,,,,,,,
,,,,,,,,,,,,,
,,,,,,,,,,,,,
,,,,,,,,,,,,,
,,,,,,,,,,,,,
,,,,,,,,,,,,,
,,,,,,,,,,,,,
,,,,,,,,,,,,,
,,,,,,,,,,,,,
,,,,,,,,,,,,,
,,,,,,,,,,,,,
,,,,,,,,,,,,,
,,,,,,,,,,,,,
,,,,,,,,,,,,,
,,,,,,,,,,,,,
,,,,,,,,,,,,,
,,,,,,,,,,,,,
,,,,,,,,,,,,,
,,,,,,,,,,,,,
,,,,,,,,,,,,,
,,,,,,,,,,,,,
,,,,,,,,,,,,,
,,,,,,,,,,,,,
,,,,,,,,,,,,,
,,,,,,,,,,,,,
,,,,,,,,,,,,,
,,,,,,,,,,,,,
,,,,,,,,,,,,,
,,,,,,,,,,,,,
,,,,,,,,,,,,,
,,,,,,,,,,,,,
,,,,,,,,,,,,,
,,,,,,,,,,,,,
,,,,,,,,,,,,,
,,,,,,,,,,,,,
,,,,,,,,,,,,,
,,,,,,,,,,,,,
,,,,,,,,,,,,,
,,,,,,,,,,,,,
,,,,,,,,,,,,,
,,,,,,,,,,,,,
,,,,,,,,,,,,,
,,,,,,,,,,,,,
,,,,,,,,,,,,,
,,,,,,,,,,,,,
,,,,,,,,,,,,,
,,,,,,,,,,,,,
,,,,,,,,,,,,,
,,,,,,,,,,,,,
,,,,,,,,,,,,,
,,,,,,,,,,,,,
,,,,,,,,,,,,,
,,,,,,,,,,,,,
,,,,,,,,,,,,,
,,,,,,,,,,,,,
,,,,,,,,,,,,,
,,,,,,,,,,,,,
,,,,,,,,,,,,,
,,,,,,,,,,,,,
,,,,,,,,,,,,,
,,,,,,,,,,,,,
,,,,,,,,,,,,,
,,,,,,,,,,,,,
,,,,,,,,,,,,,
,,,,,,,,,,,,,
,,,,,,,,,,,,,
,,,,,,,,,,,,,
,,,,,,,,,,,,,
,,,,,,,,,,,,,
,,,,,,,,,,,,,
,,,,,,,,,,,,,
,,,,,,,,,,,,,
,,,,,,,,,,,,,
,,,,,,,,,,,,,
,,,,,,,,,,,,,
,,,,,,,,,,,,,
,,,,,,,,,,,,,
,,,,,,,,,,,,,
,,,,,,,,,,,,,
,,,,,,,,,,,,,
,,,,,,,,,,,,,
,,,,,,,,,,,,,
,,,,,,,,,,,,,
,,,,,,,,,,,,,
,,,,,,,,,,,,,
,,,,,,,,,,,,,
,,,,,,,,,,,,,
,,,,,,,,,,,,,
,,,,,,,,,,,,,
,,,,,,,,,,,,,
,,,,,,,,,,,,,
,,,,,,,,,,,,,
,,,,,,,,,,,,,
,,,,,,,,,,,,,
,,,,,,,,,,,,,
,,,,,,,,,,,,,
,,,,,,,,,,,,,
,,,,,,,,,,,,,
,,,,,,,,,,,,,
,,,,,,,,,,,,,
,,,,,,,,,,,,,